
<modification>
    <code>CedcommerceCedFruugoIntegration</code>
    <name><![CDATA[<b>Cedcommerce Fruugo Integration</b>]]></name>
    <version><![CDATA[<b>1.0.1</b>]]></version>
    <author><![CDATA[<b>Cedcommerce Private Limited</b>]]></author>
    <link><![CDATA[<b>http://cedcommerce.com</b>]]></link>
	<!--********************language for header menu **************************-->
	<file path="admin/language/en-gb/common/menu.php">
		<operation>
			<search>
				<![CDATA[$_['text_paypal_search']               = 'Search';]]>
			</search>
			<add position="after" ><![CDATA[
				$_['text_cedfruugo'] 	            = 'Fruugo';
				$_['text_cedfruugo_category'] 	    = 'Categories';
				$_['text_cedfruugo_map_category']   = 'Profile';
                                $_['text_cedfruugo_product'] 	    = 'Product';
				$_['text_cedfruugo_order'] 	    = 'Order';
				$_['text_cedfruugo_order_error']    = 'Failed Order';
                                $_['text_cedfruugo_module'] 	    = 'Configuration';
   			]]>
			</add>
		</operation>
	</file>
	<file path="admin/controller/common/menu.php">
		<!--********************urls and text for header menu **************************-->
		<operation>
			<search>
				
				<![CDATA[return $this->load->view('common/menu', $data);]]>
			</search>
			<add position="before" ><![CDATA[
			    $data['text_cedfruugo'] = $this->language->get('text_cedfruugo');

			    $data['text_cedfruugo_module'] = $this->language->get('text_cedfruugo_module');
				$data['cedfruugo_module'] = $this->url->link('module/ced_fruugo', 'token=' . $this->session->data['token'], 'SSL');

				$data['text_cedfruugo_category'] = $this->language->get('text_cedfruugo_category');
				$data['cedfruugo_category'] = $this->url->link('ced_fruugo/category', 'token=' . $this->session->data['token'], 'SSL');

				$data['text_cedfruugo_map_category'] = $this->language->get('text_cedfruugo_map_category');
				$data['cedfruugo_map_category'] = $this->url->link('ced_fruugo/map_category', 'token=' . $this->session->data['token'], 'SSL');

				$data['text_cedfruugo_order'] = $this->language->get('text_cedfruugo_order');
				$data['cedfruugo_order'] = $this->url->link('ced_fruugo/order', 'token=' . $this->session->data['token'], 'SSL');

				$data['text_cedfruugo_order_error'] = $this->language->get('text_cedfruugo_order_error');
				$data['cedfruugo_order_error'] = $this->url->link('ced_fruugo/order_error', 'token=' . $this->session->data['token'], 'SSL');

				$data['text_cedfruugo_product'] = $this->language->get('text_cedfruugo_product');
				$data['cedfruugo_product'] = $this->url->link('ced_fruugo/product', 'token=' . $this->session->data['token'], 'SSL');
				
   			]]>
			</add>
		</operation>
	</file>
	<file path="admin/view/template/common/menu.tpl">
		<!--********************user view for header menu **************************-->
		<operation>
			<search>
				
				<![CDATA[<li id="reports"><a class="parent"><i class="fa fa-bar-chart-o fa-fw"></i> <span><?php echo $text_reports; ?></span></a>]]>
			</search>
			<add position="before" ><![CDATA[	
				
				<li id="cedfruugo"><a class="parent"><i class="icon-AdminCedfruugo"></i> <span><?php echo $text_cedfruugo; ?></span></a>
			      <ul>
			    	 <li><a href="<?php echo $cedfruugo_category; ?>"><?php echo $text_cedfruugo_category; ?></a></li>
			    	 <li><a href="<?php echo $cedfruugo_map_category; ?>"><?php echo $text_cedfruugo_map_category; ?></a></li>
			    	 <li><a href="<?php echo $cedfruugo_product; ?>"><?php echo $text_cedfruugo_product; ?></a></li>
			    	 <li><a href="<?php echo $cedfruugo_order; ?>"><?php echo $text_cedfruugo_order; ?></a></li>
			    	 <li><a href="<?php echo $cedfruugo_order_error; ?>"><?php echo $text_cedfruugo_order_error; ?></a></li>
			    	 <li><a href="<?php echo $cedfruugo_module; ?>"><?php echo $text_cedfruugo_module; ?></a></li>
			      </ul>
			  </li>

			  <style>
               .icon-AdminCedfruugo::before, .icon-AdminCedfruugo::before 
                {
                  content: "CF";
                }
              </style>
   			]]>
			</add>
		</operation>
	</file>
</modification> 
