
<modification>
    <code>Cedcommerce_product_event_integration</code>
    <name><![CDATA[<b>Cedcommerce Product Event Integration</b>]]></name>
    <version><![CDATA[<b>1.0.1</b>]]></version>
    <author><![CDATA[<b>Cedcommerce Private Limited</b>]]></author>
    <link><![CDATA[<b>http://cedcommerce.com</b>]]></link>
	<!--********************controller for header menu **************************-->
	<file path="admin/model/catalog/product.php">
		<operation>
			<search index="1">
				<![CDATA[$this->cache->delete('product');]]>
			</search>
			<add position="before" ><![CDATA[
				$this->updateFruugoProductOnEdit($product_id);

   			]]>
			</add>
		</operation>

		<operation>
			<search>
				<![CDATA[public function copyProduct($product_id) {]]>
			</search>
			<add position="before" ><![CDATA[
				public function updateFruugoProductOnEdit($product_id)
                                {
                                  $productExist = $this->db->query("SELECT * FROM `". DB_PREFIX ."cedfruugo_product_variations` WHERE `product_id` = '". (int) 
$product_id ."' ");
	                            if($productExist->num_rows)
	                            {
				     $product_ids = array($product_id);
	                             $this->load->library('cedfruugo');
	                             $cedfruugo = Cedfruugo::getInstance($this->registry);
	                             $cedfruugo->uploadProducts($product_ids);
	                            }
                                }
   			]]>
			</add>
		</operation>
	</file>
	
</modification> 
